sentence,quality
Cheap prescription medications online with no doctor visit required! Fast discreet global delivery! ACT NOW @%@%,0
Results and Comparative Analysis,1
"Furthermore, comparing classical machine learning algorithms with deep neural networks.",1
"In this study, unsupervised clustering groups unlabelled observations based on statistical similarity and distance metrics.",1
It is well established that convolutional neural networks are specifically optimized for spatial pattern recognition and image classification.,1
"According to the analysis, recurrent neural networks and transformers effectively model sequential temporal dependencies in textual data.",1
URGENT ALERT: LOSE FAT FAST! Buy 1 get 3 free miracle weight loss capsules now at discounted rate!! !!!,0
"To achieve higher accuracy, regularization techniques such as dropout and weight decay prevent artificial neural networks from overfitting.",1
k thx bye,0
"In this study, regularization techniques such as dropout and weight decay prevent artificial neural networks from overfitting.",1
LOSE FAT FAST! BUY 1 GET 3 FREE MIRACLE WEIGHT LOSS CAPSULES NOW AT DISCOUNTED RATE!! CALL 1800-SPAM-NOW,0
"CONGRATULATIONS!! YOU HAVE BEEN SELECTED TO WIN A $10,000 GIFT CARD! CLAIM NOW: BIT.LY/FREE-CASH CALL 1800-SPAM-NOW",0
EXCLUSIVE PROMOTION: FINAL WARNING: Unpaid taxes detected under your name. Pay immediately or face arrest warrant.,0
URGENT ALERT: Your package delivery failed due to unpaid handling fees! Confirm payment at scam-tracking.biz !!!,0
"To achieve higher accuracy, cross-validation estimates the generalization ability of an estimator on independent unseen test distributions.",1
Alert: your debit card has been blocked due to suspicious activity. Verify pin at bit.ly/fake-card,0
Section: SYSTEM ARCHITECTURE,1
DATA COLLECTION AND ANNOTATION PROCEDURES,1
qwert yuiop asdfghjkl zxcvbnm 1234567890 dfpgjhmc @##,0
Chapter: CONCLUSION,1
You won a free brand new iPhone 15 Pro! Reply with your home address and credit card to claim.,0
EXCLUSIVE PROMOTION: LOSE FAT FAST! Buy 1 get 3 free miracle weight loss capsules now at discounted rate!!,0
Looking forward to our meeting tomorrow.,1
WINNER: CLAIM FREE MONEY NOW!! Call 1-800-FAKE-LOAN for instant cash approval with zero credit check! $$$ CLICK NOW,0
"Good evening, let us summarize our progress on today's sprint goals.",1
yo yo yo wazzup 123 456 789 bxpwtsqq %!#,0
"As observed, natural language processing enables computational models to analyze, parse, and synthesize human speech and text.",1
Conclusion and Scope for Future Enhancements,1
CONGRATULATIONS! YOUR PHONE NUMBER WAS SELECTED AS THE LUCKY WINNER IN OUR INTERNATIONAL LOTTERY! CALL 1800-SPAM-NOW,0
"Furthermore, cross-validation estimates the generalization ability of an estimator on independent unseen test distributions.",1
dfpgjhmc dfpgjhmc 12345,0
"Specifically, hyperparameter tuning through grid search or Bayesian optimization maximizes validation accuracy.",1
111 222 333 444 555 666 777 888,0
Chapter: Conclusion and Scope for Future Enhancements,1
ABSTRACT,1
Please consider that recurrent neural networks and transformers effectively model sequential temporal dependencies in textual data.,1
"Furthermore, supervised learning algorithms map input feature vectors to discrete target categories using labeled training data.",1
"EXCLUSIVE PROMOTION: WINNER! You have won $500,000 in the UK National Lottery! Reply with your details to claim cash!",0
Our team observed that regularization techniques such as dropout and weight decay prevent artificial neural networks from overfitting.,1
"Thank you so much, this is really helpful!",1
The experimental results demonstrate that classical machine learning models like decision trees and random forests provide fast and interpretable inference.,1
HOT CASINO DEALS! GET 500% INSTANT DEPOSIT BONUS PLAYING ONLINE BLACKJACK AND ROULETTE TODAY!! CALL 1800-SPAM-NOW,0
"Furthermore, support vector machines construct hyperplanes in multidimensional space to separate distinct data classes.",1
Act now! Limited time offer gives you free luxury vacation vouchers! Call our toll free number now!!,0
"Object-oriented design principles encourage code encapsulation, modular abstraction, and polymorphism.",1
WINNER: Immediate cash disbursement approved! Reply with your social security number to receive funds. $$$ CLICK NOW,0
error 404 text not found dummy content jvmsztbz ???,0
Section: Algorithm Design and Time Complexity Analysis,1
mnbvcxz lkjhgfdsa poiuytrewq !!! ???,0
111 222 333 444 555 666 777 888 !!! ???,0
mnbvcxz lkjhgfdsa poiuytrewq xqhclcng $?*,0
Could you please review the attached slide deck before our client presentation?,1
asdkj asdkj 123 !!! ??? gjhgmdss $%%,0
"For this reason, regularization techniques such as dropout and weight decay prevent artificial neural networks from overfitting.",1
It is well established that recurrent neural networks and transformers effectively model sequential temporal dependencies in textual data.,1
Unsupervised clustering groups unlabelled observations based on statistical similarity and distance metrics.,1
Section: METHODOLOGY,1
--- === +++ *** ### $$$ vsslpvkl !@%,0
djksahf kjsdahfkjhsdaf 8734658734 !!! ???,0
Our team observed that comparing classical machine learning algorithms with deep neural networks.,1
Supervised learning algorithms map input feature vectors to discrete target categories using labeled training data.,1
"According to the analysis, feature scaling ensures that numerical input dimensions have zero mean and unit variance before gradient descent.",1
"In practical applications, supervised learning algorithms map input feature vectors to discrete target categories using labeled training data.",1
"EXCLUSIVE PROMOTION: Work from home and earn $5,000 every day without any effort! Click here to join our secret system!",0
"For this reason, natural language processing enables computational models to analyze, parse, and synthesize human speech and text.",1
gpmrznts gpmrznts 12345,0
Section: Table of Contents and Executive Summary,1
DOUBLE YOUR CRYPTOCURRENCY IN 24 HOURS GUARANTEED! SEND 0.1 BTC TO THIS WALLET RIGHT NOW! CALL 1800-SPAM-NOW,0
asdfghjkl 1234567 ???!!! lol whatever blah blah gpmrznts !@@,0
WINNER: You won a free brand new iPhone 15 Pro! Reply with your home address and credit card to claim. $$$ CLICK NOW,0
nhtpcxzd nhtpcxzd 12345,0
WINNER: HOT CASINO DEALS! Get 500% instant deposit bonus playing online blackjack and roulette today!! $$$ CLICK NOW,0
URGENT ALERT: Cheap prescription medications online with no doctor visit required! Fast discreet global delivery! !!!,0
hahahahaha okkkkk lollll ??? pgqxhfmc !@?,0
blah blah blah 999 000 111 dtjrfyys *!?,0
"In practical applications, support vector machines construct hyperplanes in multidimensional space to separate distinct data classes.",1
Urgent notification: unauthorized login attempt on your account. Click to secure your credentials. ACT NOW *#@@,0
WINNER: Miracle diet pill melts 30 pounds in 7 days without exercise! Order today before supply runs out!! $$$ CLICK NOW,0
Our team observed that recurrent neural networks and transformers effectively model sequential temporal dependencies in textual data.,1
MIRACLE DIET PILL MELTS 30 POUNDS IN 7 DAYS WITHOUT EXERCISE! ORDER TODAY BEFORE SUPPLY RUNS OUT!! CALL 1800-SPAM-NOW,0
--- === +++ *** ### $$$ !!! ???,0
"As observed, unsupervised clustering groups unlabelled observations based on statistical similarity and distance metrics.",1
The experimental results demonstrate that comparing classical machine learning algorithms with deep neural networks.,1
URGENT ALERT: Act now! Limited time offer gives you free luxury vacation vouchers! Call our toll free number now!! !!!,0
EXCLUSIVE PROMOTION: Cheap prescription medications online with no doctor visit required! Fast discreet global delivery!,0
EXPERIMENTAL RESULTS,1
"Consequently, recurrent neural networks and transformers effectively model sequential temporal dependencies in textual data.",1
no way no way no way no way no way qccgbwzw @!#,0
"Furthermore, hyperparameter tuning through grid search or Bayesian optimization maximizes validation accuracy.",1
"URGENT ALERT: WINNER! You have won $500,000 in the UK National Lottery! Reply with your details to claim cash! !!!",0
omgggggg whyyyyy noooo waaaay,0
Section: EXPERIMENTAL RESULTS,1
We have addressed all the reviewer comments and submitted the revised manuscript.,1
??????? !!!!!!! $$$$$$$ ******* tbsqkrpv #?@,0
"CONGRATULATIONS!! You have been selected to win a $10,000 gift card! Claim now: bit.ly/free-cash",0
lkjsadflkj asldkfj lksajdf 000 zpfmdxyk %%$,0
"In practical applications, feature scaling ensures that numerical input dimensions have zero mean and unit variance before gradient descent.",1
It is well established that comparing Classical Machine Learning,1
WINNER: Free adult dating site! Meet local singles near you tonight without payment! CLICK HERE NOW!! $$$ CLICK NOW,0
Double your cryptocurrency in 24 hours guaranteed! Send 0.1 BTC to this wallet right now! ACT NOW *?@?,0
Chapter: Data Collection and Annotation Procedures,1
hey hey hey hey hey hey hey !!! ???,0
The F1-score provides a balanced harmonic mean of precision and recall for skewed class distributions.,1
The experimental results demonstrate that comparing Classical Machine Learning,1
"WINNER! You have won $500,000 in the UK National Lottery! Reply with your details to claim cash!",0
It is well established that classical machine learning models like decision trees and random forests provide fast and interpretable inference.,1
"Furthermore, unsupervised clustering groups unlabelled observations based on statistical similarity and distance metrics.",1
Please consider that support vector machines construct hyperplanes in multidimensional space to separate distinct data classes.,1
We observed that supervised learning algorithms map input feature vectors to discrete target categories using labeled training data.,1
URGENT: Your bank account has been suspended! Verify your credentials now at www.fake-bank-auth.xyz ACT NOW $$##,0
"To achieve higher accuracy, classical machine learning models like decision trees and random forests provide fast and interpretable inference.",1
111 222 333 444 555 666 777 888 vchcgcwj @#@,0
Table of Contents and Executive Summary,1
"Hi, please let me know if you need any clarification on this topic.",1
Good afternoon,1
Double your cryptocurrency in 24 hours guaranteed! Send 0.1 BTC to this wallet right now!,0
"Specifically, supervised learning algorithms map input feature vectors to discrete target categories using labeled training data.",1
Decision tree classifiers recursively split feature space into rectangular regions using entropy criteria.,1
Our team observed that classical machine learning models like decision trees and random forests provide fast and interpretable inference.,1
fake text dummy line xxxyyyzzz,0
"Consequently, regularization techniques such as dropout and weight decay prevent artificial neural networks from overfitting.",1
??????? !!!!!!! $$$$$$$ ******* !!! ???,0
Act now! Limited time offer gives you free luxury vacation vouchers! Call our toll free number now!! ACT NOW @?#*,0
"Consequently, feature scaling ensures that numerical input dimensions have zero mean and unit variance before gradient descent.",1
Let us schedule a brief retrospective discussion to evaluate the sprint outcomes.,1
dummy text generated to simulate noisy input data without semantic meaning !!! ???,0
Immediate cash disbursement approved! Reply with your social security number to receive funds.,0
EXCLUSIVE PROMOTION: HOT CASINO DEALS! Get 500% instant deposit bonus playing online blackjack and roulette today!!,0
Please consider that deep neural networks automatically learn hierarchical feature representations from high-dimensional data.,1
Congratulations! Your phone number was selected as the lucky winner in our international lottery!,0
Recent research indicates that unsupervised clustering groups unlabelled observations based on statistical similarity and distance metrics.,1
shhhhhh stop typinggggggg jxkscnqv !!#,0
blah blah blah 999 000 111,0
Section: ABSTRACT,1
Thank you very much for your assistance and support.,1
Recurrent neural networks and transformers effectively model sequential temporal dependencies in textual data.,1
I will follow up with the vendor regarding the pending software licenses.,1
URGENT ALERT: CLAIM FREE MONEY NOW!! Call 1-800-FAKE-LOAN for instant cash approval with zero credit check! !!!,0
URGENT ALERT: Double your cryptocurrency in 24 hours guaranteed! Send 0.1 BTC to this wallet right now! !!!,0
We observed that gradient descent iteratively shifts model parameters along the steepest negative gradient of the loss surface.,1
k thx bye hvbfcpgh *@*,0
Recent research indicates that classical machine learning models like decision trees and random forests provide fast and interpretable inference.,1
Algorithm Design and Time Complexity Analysis,1
hahahahaha okkkkk lollll ???,0
EXCLUSIVE PROMOTION: Free adult dating site! Meet local singles near you tonight without payment! CLICK HERE NOW!!,0
Section: Overview of Deep Learning Architectures,1
LOSE FAT FAST! Buy 1 get 3 free miracle weight loss capsules now at discounted rate!! ACT NOW #@*%,0
"In practical applications, comparing Classical Machine Learning",1
"Furthermore, convolutional neural networks are specifically optimized for spatial pattern recognition and image classification.",1
"Consequently, unsupervised clustering groups unlabelled observations based on statistical similarity and distance metrics.",1
EXCLUSIVE PROMOTION: CLAIM FREE MONEY NOW!! Call 1-800-FAKE-LOAN for instant cash approval with zero credit check!,0
Please consider that unsupervised clustering groups unlabelled observations based on statistical similarity and distance metrics.,1
abc def ghi jkl 123 456 789 000 gqvdchtm ?!*,0
gjhgmdss gjhgmdss 12345,0
"Sounds great, let us proceed with this plan.",1
"As observed, support vector machines construct hyperplanes in multidimensional space to separate distinct data classes.",1
Immediate cash disbursement approved! Reply with your social security number to receive funds. ACT NOW $??@,0
URGENT ALERT: Free adult dating site! Meet local singles near you tonight without payment! CLICK HERE NOW!! !!!,0
EXCLUSIVE PROMOTION: You won a free brand new iPhone 15 Pro! Reply with your home address and credit card to claim.,0
fake text dummy line xxxyyyzzz !!! ???,0
asdkj asdkj 123 !!! ???,0
EXCLUSIVE PROMOTION: Urgent notification: unauthorized login attempt on your account. Click to secure your credentials.,0
Section: Data Collection and Annotation Procedures,1
"EXCLUSIVE PROMOTION: CONGRATULATIONS!! You have been selected to win a $10,000 gift card! Claim now: bit.ly/free-cash",0
URGENT: Your bank account has been suspended! Verify your credentials now at www.fake-bank-auth.xyz,0
"Our team observed that natural language processing enables computational models to analyze, parse, and synthesize human speech and text.",1
WINNER: Double your cryptocurrency in 24 hours guaranteed! Send 0.1 BTC to this wallet right now! $$$ CLICK NOW,0
The backpropagation algorithm calculates partial derivatives of the cost function with respect to layer weights.,1
URGENT: YOUR BANK ACCOUNT HAS BEEN SUSPENDED! VERIFY YOUR CREDENTIALS NOW AT WWW.FAKE-BANK-AUTH.XYZ CALL 1800-SPAM-NOW,0
Please consider that hyperparameter tuning through grid search or Bayesian optimization maximizes validation accuracy.,1
hey hey hey hey hey hey hey xtqzxddg @?!,0
test test test 111 222 333 jjvsrcsl #@%,0
"In practical applications, recurrent neural networks and transformers effectively model sequential temporal dependencies in textual data.",1
Continuous integration pipelines automatically validate and test code modifications prior to staging deployment.,1
Please let me know once you have reviewed the report.,1
The experimental results demonstrate that support vector machines construct hyperplanes in multidimensional space to separate distinct data classes.,1
WINNER: Act now! Limited time offer gives you free luxury vacation vouchers! Call our toll free number now!! $$$ CLICK NOW,0
Software Requirements and Hardware Specifications,1
Your package delivery failed due to unpaid handling fees! Confirm payment at scam-tracking.biz ACT NOW !!!*,0
URGENT ALERT: You won a free brand new iPhone 15 Pro! Reply with your home address and credit card to claim. !!!,0
SYSTEM ARCHITECTURE,1
vchcgcwj vchcgcwj 12345,0
"Furthermore, natural language processing enables computational models to analyze, parse, and synthesize human speech and text.",1
URGENT ALERT: Congratulations! Your phone number was selected as the lucky winner in our international lottery! !!!,0
dummy text generated to simulate noisy input data without semantic meaning rgtymqrr @*!,0
"Good morning everyone, welcome to the project presentation.",1
CLAIM FREE MONEY NOW!! Call 1-800-FAKE-LOAN for instant cash approval with zero credit check!,0
ALERT: YOUR DEBIT CARD HAS BEEN BLOCKED DUE TO SUSPICIOUS ACTIVITY. VERIFY PIN AT BIT.LY/FAKE-CARD CALL 1800-SPAM-NOW,0
error 404 text not found dummy content,0
The experimental results demonstrate that feature scaling ensures that numerical input dimensions have zero mean and unit variance before gradient descent.,1
URGENT ALERT: Earn $500 per hour typing from home! Zero experience needed! Apply now before spots fill up!! !!!,0
null undefined NaN [object Object] !!! ???,0
INTRODUCTION,1
rnmykdjk rnmykdjk 12345,0
mnbvcxz lkjhgfdsa poiuytrewq,0
INTRODUCTION TO DATA PREPROCESSING AND FEATURE EXTRACTION,1
"According to the analysis, supervised learning algorithms map input feature vectors to discrete target categories using labeled training data.",1
hahahahaha okkkkk lollll ??? !!! ???,0
WINNER: Congratulations! Your phone number was selected as the lucky winner in our international lottery! $$$ CLICK NOW,0
TABLE OF CONTENTS AND EXECUTIVE SUMMARY,1
Convolutional neural networks are specifically optimized for spatial pattern recognition and image classification.,1
"As observed, classical machine learning models like decision trees and random forests provide fast and interpretable inference.",1
omgggggg whyyyyy noooo waaaay !!! ???,0
"For this reason, cross-validation estimates the generalization ability of an estimator on independent unseen test distributions.",1
vsslpvkl vsslpvkl 12345,0
EARN $500 PER HOUR TYPING FROM HOME! ZERO EXPERIENCE NEEDED! APPLY NOW BEFORE SPOTS FILL UP!! CALL 1800-SPAM-NOW,0
Comparing Classical Machine Learning,1
"In practical applications, regularization techniques such as dropout and weight decay prevent artificial neural networks from overfitting.",1
Problem Statement and Proposed Methodology,1
!!! ??? ### $$$ %%% *** +++ vvqjnrlx *@?,0
Recall evaluates the proportion of actual positive samples accurately detected by the algorithm.,1
lkjsadflkj asldkfj lksajdf 000,0
URGENT ALERT: URGENT: Your bank account has been suspended! Verify your credentials now at www.fake-bank-auth.xyz !!!,0
ALGORITHM DESIGN AND TIME COMPLEXITY ANALYSIS,1
PROBLEM STATEMENT AND PROPOSED METHODOLOGY,1
"To achieve higher accuracy, comparing classical machine learning algorithms with deep neural networks.",1
Chapter: Comparing Classical Machine Learning,1
It is well established that hyperparameter tuning through grid search or Bayesian optimization maximizes validation accuracy.,1
dtjrfyys dtjrfyys 12345,0
Section: Experimental Setup and Performance Evaluation,1
CONCLUSION AND SCOPE FOR FUTURE ENHANCEMENTS,1
"In this study, natural language processing enables computational models to analyze, parse, and synthesize human speech and text.",1
EXCLUSIVE PROMOTION: Alert: your debit card has been blocked due to suspicious activity. Verify pin at bit.ly/fake-card,0
"Specifically, regularization techniques such as dropout and weight decay prevent artificial neural networks from overfitting.",1
ACT NOW! LIMITED TIME OFFER GIVES YOU FREE LUXURY VACATION VOUCHERS! CALL OUR TOLL FREE NUMBER NOW!! CALL 1800-SPAM-NOW,0
Your package delivery failed due to unpaid handling fees! Confirm payment at scam-tracking.biz,0
Chapter: Introduction to Data Preprocessing and Feature Extraction,1
WINNER: Earn $500 per hour typing from home! Zero experience needed! Apply now before spots fill up!! $$$ CLICK NOW,0
WINNER: Alert: your debit card has been blocked due to suspicious activity. Verify pin at bit.ly/fake-card $$$ CLICK NOW,0
Alert: your debit card has been blocked due to suspicious activity. Verify pin at bit.ly/fake-card ACT NOW ?!$%,0
"In practical applications, unsupervised clustering groups unlabelled observations based on statistical similarity and distance metrics.",1
"Consequently, gradient descent iteratively shifts model parameters along the steepest negative gradient of the loss surface.",1
"Good afternoon, please review the attached document.",1
Our team achieved all milestones outlined for this development sprint.,1
"WINNER: WINNER! You have won $500,000 in the UK National Lottery! Reply with your details to claim cash! $$$ CLICK NOW",0
"In practical applications, hyperparameter tuning through grid search or Bayesian optimization maximizes validation accuracy.",1
Deep neural networks automatically learn hierarchical feature representations from high-dimensional data.,1
"To achieve higher accuracy, comparing Classical Machine Learning",1
YOU WON A FREE BRAND NEW IPHONE 15 PRO! REPLY WITH YOUR HOME ADDRESS AND CREDIT CARD TO CLAIM. CALL 1800-SPAM-NOW,0
"According to the analysis, comparing Classical Machine Learning",1
"WINNER! You have won $500,000 in the UK National Lottery! Reply with your details to claim cash! ACT NOW !%?@",0
Our team observed that gradient descent iteratively shifts model parameters along the steepest negative gradient of the loss surface.,1
blah blah blah 999 000 111 !!! ???,0
Thank you,1
"In this study, convolutional neural networks are specifically optimized for spatial pattern recognition and image classification.",1
EXCLUSIVE PROMOTION: Immediate cash disbursement approved! Reply with your social security number to receive funds.,0
???!!123445566???,0
URGENT ALERT: Alert: your debit card has been blocked due to suspicious activity. Verify pin at bit.ly/fake-card !!!,0
kznvhdtf kznvhdtf 12345,0
The James Webb Space Telescope provides infrared observations of celestial phenomena and early cosmological structures.,1
yo yo yo wazzup 123 456 789 !!! ???,0
"In this study, cross-validation estimates the generalization ability of an estimator on independent unseen test distributions.",1
Recent research indicates that deep neural networks automatically learn hierarchical feature representations from high-dimensional data.,1
"Yes, I agree with your suggestion.",1
The experimental results demonstrate that gradient descent iteratively shifts model parameters along the steepest negative gradient of the loss surface.,1
We observed that comparing Classical Machine Learning,1
Our team observed that support vector machines construct hyperplanes in multidimensional space to separate distinct data classes.,1
Recent research indicates that comparing classical machine learning algorithms with deep neural networks.,1
yo yo yo wazzup 123 456 789,0
u there??? reply reply reply asap!!,0
Free adult dating site! Meet local singles near you tonight without payment! CLICK HERE NOW!!,0
fxjrsgmb fxjrsgmb 12345,0
jvmsztbz jvmsztbz 12345,0
pgqxhfmc pgqxhfmc 12345,0
HOT CASINO DEALS! Get 500% instant deposit bonus playing online blackjack and roulette today!!,0
The experimental results demonstrate that regularization techniques such as dropout and weight decay prevent artificial neural networks from overfitting.,1
asdkj asdkj 123 !!! ??? !!! ???,0
"Furthermore, classical machine learning models like decision trees and random forests provide fast and interpretable inference.",1
abc def ghi jkl 123 456 789 000,0
"In this study, feature scaling ensures that numerical input dimensions have zero mean and unit variance before gradient descent.",1
Our team observed that cross-validation estimates the generalization ability of an estimator on independent unseen test distributions.,1
null undefined NaN [object Object],0
wth is this??? huh??? !!! ???,0
CLAIM FREE MONEY NOW!! Call 1-800-FAKE-LOAN for instant cash approval with zero credit check! ACT NOW #$%!,0
FREE ADULT DATING SITE! MEET LOCAL SINGLES NEAR YOU TONIGHT WITHOUT PAYMENT! CLICK HERE NOW!! CALL 1800-SPAM-NOW,0
--- === +++ *** ### $$$,0
FINAL WARNING: Unpaid taxes detected under your name. Pay immediately or face arrest warrant. ACT NOW **#%,0
zpfmdxyk zpfmdxyk 12345,0
fake text dummy line xxxyyyzzz fxjrsgmb %#*,0
URGENT ALERT: Immediate cash disbursement approved! Reply with your social security number to receive funds. !!!,0
"Furthermore, gradient descent iteratively shifts model parameters along the steepest negative gradient of the loss surface.",1
We observed that feature scaling ensures that numerical input dimensions have zero mean and unit variance before gradient descent.,1
???!!123445566??? !!! ???,0
Congratulations! Your phone number was selected as the lucky winner in our international lottery! ACT NOW *?@?,0
"WORK FROM HOME AND EARN $5,000 EVERY DAY WITHOUT ANY EFFORT! CLICK HERE TO JOIN OUR SECRET SYSTEM! CALL 1800-SPAM-NOW",0
"WINNER: CONGRATULATIONS!! You have been selected to win a $10,000 gift card! Claim now: bit.ly/free-cash $$$ CLICK NOW",0
You won a free brand new iPhone 15 Pro! Reply with your home address and credit card to claim. ACT NOW *$%!,0
Let me know if you have any questions regarding the implementation.,1
djksahf kjsdahfkjhsdaf 8734658734,0
Introduction to Data Preprocessing and Feature Extraction,1
We observed that support vector machines construct hyperplanes in multidimensional space to separate distinct data classes.,1
Hello!,1
asdfghjkl 1234567 ???!!! lol whatever blah blah !!! ???,0
Chapter: Experimental Setup and Performance Evaluation,1
"In this study, supervised learning algorithms map input feature vectors to discrete target categories using labeled training data.",1
EXPERIMENTAL SETUP AND PERFORMANCE EVALUATION,1
qwert yuiop asdfghjkl zxcvbnm 1234567890 !!! ???,0
We observed that comparing classical machine learning algorithms with deep neural networks.,1
WINNER: URGENT: Your bank account has been suspended! Verify your credentials now at www.fake-bank-auth.xyz $$$ CLICK NOW,0
LOSE FAT FAST! Buy 1 get 3 free miracle weight loss capsules now at discounted rate!!,0
Chapter: EXPERIMENTAL RESULTS,1
Cheap prescription medications online with no doctor visit required! Fast discreet global delivery!,0
abc def ghi jkl 123 456 789 000 !!! ???,0
Chapter: INTRODUCTION,1
URGENT ALERT: HOT CASINO DEALS! Get 500% instant deposit bonus playing online blackjack and roulette today!! !!!,0
Miracle diet pill melts 30 pounds in 7 days without exercise! Order today before supply runs out!!,0
"For this reason, deep neural networks automatically learn hierarchical feature representations from high-dimensional data.",1
aaaaabbbbbcccccdddddeeeee,0
We observed that deep neural networks automatically learn hierarchical feature representations from high-dimensional data.,1
EXCLUSIVE PROMOTION: Miracle diet pill melts 30 pounds in 7 days without exercise! Order today before supply runs out!!,0
"Specifically, support vector machines construct hyperplanes in multidimensional space to separate distinct data classes.",1
!!! ??? ### $$$ %%% *** +++ !!! ???,0
"According to the analysis, comparing classical machine learning algorithms with deep neural networks.",1
CHEAP PRESCRIPTION MEDICATIONS ONLINE WITH NO DOCTOR VISIT REQUIRED! FAST DISCREET GLOBAL DELIVERY! CALL 1800-SPAM-NOW,0
Chapter: SYSTEM ARCHITECTURE,1
The client review meeting has been rescheduled to Thursday afternoon at two o'clock.,1
Project Review Phase 1 Presentation,1
Department of Computer Science and Engineering,1
"According to the analysis, unsupervised clustering groups unlabelled observations based on statistical similarity and distance metrics.",1
"To achieve higher accuracy, gradient descent iteratively shifts model parameters along the steepest negative gradient of the loss surface.",1
Distributed computing frameworks divide large datasets across clusters of commodity hardware.,1
jxkscnqv jxkscnqv 12345,0
hvbfcpgh hvbfcpgh 12345,0
Our team observed that supervised learning algorithms map input feature vectors to discrete target categories using labeled training data.,1
"In this study, comparing classical machine learning algorithms with deep neural networks.",1
Please consider that cross-validation estimates the generalization ability of an estimator on independent unseen test distributions.,1
WINNER: Your package delivery failed due to unpaid handling fees! Confirm payment at scam-tracking.biz $$$ CLICK NOW,0
WINNER: Cheap prescription medications online with no doctor visit required! Fast discreet global delivery! $$$ CLICK NOW,0
omgggggg whyyyyy noooo waaaay pykwjjtq ?@@,0
"To achieve higher accuracy, deep neural networks automatically learn hierarchical feature representations from high-dimensional data.",1
"Consequently, convolutional neural networks are specifically optimized for spatial pattern recognition and image classification.",1
jjvsrcsl jjvsrcsl 12345,0
Section: INTRODUCTION,1
tbsqkrpv tbsqkrpv 12345,0
bxpwtsqq bxpwtsqq 12345,0
???!!123445566??? nhtpcxzd #$%,0
Section: Software Requirements and Hardware Specifications,1
djksahf kjsdahfkjhsdaf 8734658734 zdgddsdz $@$,0
"WINNER! YOU HAVE WON $500,000 IN THE UK NATIONAL LOTTERY! REPLY WITH YOUR DETAILS TO CLAIM CASH! CALL 1800-SPAM-NOW",0
"Thanks a lot, I appreciate your guidance.",1
Chapter: Table of Contents and Executive Summary,1
hey hey hey hey hey hey hey,0
"As observed, supervised learning algorithms map input feature vectors to discrete target categories using labeled training data.",1
Overview of Deep Learning Architectures,1
"As observed, regularization techniques such as dropout and weight decay prevent artificial neural networks from overfitting.",1
Urgent notification: unauthorized login attempt on your account. Click to secure your credentials.,0
"For this reason, support vector machines construct hyperplanes in multidimensional space to separate distinct data classes.",1
RESULTS AND COMPARATIVE ANALYSIS,1
"It is well established that natural language processing enables computational models to analyze, parse, and synthesize human speech and text.",1
Our team observed that comparing Classical Machine Learning,1
Earn $500 per hour typing from home! Zero experience needed! Apply now before spots fill up!! ACT NOW *@@*,0
brb idk ok thx rnmykdjk @%%,0
"Consequently, support vector machines construct hyperplanes in multidimensional space to separate distinct data classes.",1
EXCLUSIVE PROMOTION: Act now! Limited time offer gives you free luxury vacation vouchers! Call our toll free number now!!,0
"In practical applications, deep neural networks automatically learn hierarchical feature representations from high-dimensional data.",1
brb idk ok thx,0
"Furthermore, recurrent neural networks and transformers effectively model sequential temporal dependencies in textual data.",1
qccgbwzw qccgbwzw 12345,0
HOT CASINO DEALS! Get 500% instant deposit bonus playing online blackjack and roulette today!! ACT NOW $%#*,0
"To achieve higher accuracy, feature scaling ensures that numerical input dimensions have zero mean and unit variance before gradient descent.",1
brb idk ok thx !!! ???,0
Please consider that comparing classical machine learning algorithms with deep neural networks.,1
Our team observed that convolutional neural networks are specifically optimized for spatial pattern recognition and image classification.,1
"As observed, recurrent neural networks and transformers effectively model sequential temporal dependencies in textual data.",1
"Specifically, convolutional neural networks are specifically optimized for spatial pattern recognition and image classification.",1
IMMEDIATE CASH DISBURSEMENT APPROVED! REPLY WITH YOUR SOCIAL SECURITY NUMBER TO RECEIVE FUNDS. CALL 1800-SPAM-NOW,0
"According to the analysis, convolutional neural networks are specifically optimized for spatial pattern recognition and image classification.",1
k thx bye !!! ???,0
WINNER: Urgent notification: unauthorized login attempt on your account. Click to secure your credentials. $$$ CLICK NOW,0
The experimental results demonstrate that recurrent neural networks and transformers effectively model sequential temporal dependencies in textual data.,1
EXCLUSIVE PROMOTION: Double your cryptocurrency in 24 hours guaranteed! Send 0.1 BTC to this wallet right now!,0
"Consequently, hyperparameter tuning through grid search or Bayesian optimization maximizes validation accuracy.",1
OVERVIEW OF DEEP LEARNING ARCHITECTURES,1
"Specifically, unsupervised clustering groups unlabelled observations based on statistical similarity and distance metrics.",1
"URGENT ALERT: CONGRATULATIONS!! You have been selected to win a $10,000 gift card! Claim now: bit.ly/free-cash !!!",0
zzzzzzxxxxccccvvvv11112222,0
Chapter: METHODOLOGY,1
shhhhhh stop typinggggggg !!! ???,0
qwert yuiop asdfghjkl zxcvbnm 1234567890,0
wth is this??? huh??? sxpbhctg !**,0
rgtymqrr rgtymqrr 12345,0
dummy text generated to simulate noisy input data without semantic meaning,0
"Consequently, natural language processing enables computational models to analyze, parse, and synthesize human speech and text.",1
"Specifically, deep neural networks automatically learn hierarchical feature representations from high-dimensional data.",1
wth is this??? huh???,0
??????? !!!!!!! $$$$$$$ *******,0
lkjsadflkj asldkfj lksajdf 000 !!! ???,0
"Work from home and earn $5,000 every day without any effort! Click here to join our secret system!",0
u there??? reply reply reply asap!! !!! ???,0
error 404 text not found dummy content !!! ???,0
no way no way no way no way no way !!! ???,0
URGENT ALERT: FINAL WARNING: Unpaid taxes detected under your name. Pay immediately or face arrest warrant. !!!,0
"In this study, recurrent neural networks and transformers effectively model sequential temporal dependencies in textual data.",1
"Specifically, gradient descent iteratively shifts model parameters along the steepest negative gradient of the loss surface.",1
Section: Conclusion and Scope for Future Enhancements,1
"Good morning, how are you doing today?",1
"Recent research indicates that natural language processing enables computational models to analyze, parse, and synthesize human speech and text.",1
test test test 111 222 333,0
"CONGRATULATIONS!! You have been selected to win a $10,000 gift card! Claim now: bit.ly/free-cash ACT NOW *@!%",0
The experimental results demonstrate that hyperparameter tuning through grid search or Bayesian optimization maximizes validation accuracy.,1
Have a wonderful weekend ahead!,1
rnjvgqdy rnjvgqdy 12345,0
Feature scaling ensures that numerical input dimensions have zero mean and unit variance before gradient descent.,1
URGENT ALERT: Urgent notification: unauthorized login attempt on your account. Click to secure your credentials. !!!,0
aaaaabbbbbcccccdddddeeeee kznvhdtf *?%,0
"Furthermore, comparing Classical Machine Learning",1
Chapter: System Architecture and Implementation Workflow,1
"In this study, gradient descent iteratively shifts model parameters along the steepest negative gradient of the loss surface.",1
"In practical applications, gradient descent iteratively shifts model parameters along the steepest negative gradient of the loss surface.",1
Earn $500 per hour typing from home! Zero experience needed! Apply now before spots fill up!!,0
shhhhhh stop typinggggggg,0
"According to the analysis, cross-validation estimates the generalization ability of an estimator on independent unseen test distributions.",1
CLAIM FREE MONEY NOW!! CALL 1-800-FAKE-LOAN FOR INSTANT CASH APPROVAL WITH ZERO CREDIT CHECK! CALL 1800-SPAM-NOW,0
EXCLUSIVE PROMOTION: URGENT: Your bank account has been suspended! Verify your credentials now at www.fake-bank-auth.xyz,0
ROC curves visually depict the tradeoff between true positive rate and false positive rate across classification thresholds.,1
asdfghjkl 1234567 ???!!! lol whatever blah blah,0
pykwjjtq pykwjjtq 12345,0
"URGENT ALERT: Work from home and earn $5,000 every day without any effort! Click here to join our secret system! !!!",0
"For this reason, recurrent neural networks and transformers effectively model sequential temporal dependencies in textual data.",1
zdgddsdz zdgddsdz 12345,0
Recent research indicates that support vector machines construct hyperplanes in multidimensional space to separate distinct data classes.,1
u there??? reply reply reply asap!! qztrkpzl $#*,0
!!! ??? ### $$$ %%% *** +++,0
We need to optimize the indexing strategy to reduce query response time.,1
WINNER: LOSE FAT FAST! Buy 1 get 3 free miracle weight loss capsules now at discounted rate!! $$$ CLICK NOW,0
gqvdchtm gqvdchtm 12345,0
"The experimental results demonstrate that natural language processing enables computational models to analyze, parse, and synthesize human speech and text.",1
xtqzxddg xtqzxddg 12345,0
YOUR PACKAGE DELIVERY FAILED DUE TO UNPAID HANDLING FEES! CONFIRM PAYMENT AT SCAM-TRACKING.BIZ CALL 1800-SPAM-NOW,0
Miracle diet pill melts 30 pounds in 7 days without exercise! Order today before supply runs out!! ACT NOW *@#*,0
zzzzzzxxxxccccvvvv11112222 rnjvgqdy !@@,0
Comparing classical machine learning algorithms with deep neural networks.,1
xqhclcng xqhclcng 12345,0
"In this study, hyperparameter tuning through grid search or Bayesian optimization maximizes validation accuracy.",1
"Specifically, cross-validation estimates the generalization ability of an estimator on independent unseen test distributions.",1
"Consequently, comparing classical machine learning algorithms with deep neural networks.",1
vvqjnrlx vvqjnrlx 12345,0
"For this reason, comparing Classical Machine Learning",1
Thank you for attending the project review session this morning.,1
Literature Survey and Related Works,1
"As observed, comparing Classical Machine Learning",1
EXCLUSIVE PROMOTION: Congratulations! Your phone number was selected as the lucky winner in our international lottery!,0
"In this study, support vector machines construct hyperplanes in multidimensional space to separate distinct data classes.",1
test test test 111 222 333 !!! ???,0
"For this reason, comparing classical machine learning algorithms with deep neural networks.",1
EXCLUSIVE PROMOTION: Your package delivery failed due to unpaid handling fees! Confirm payment at scam-tracking.biz,0
Recent research indicates that gradient descent iteratively shifts model parameters along the steepest negative gradient of the loss surface.,1
rrxbkdzq rrxbkdzq 12345,0
EXCLUSIVE PROMOTION: Earn $500 per hour typing from home! Zero experience needed! Apply now before spots fill up!!,0
"For this reason, classical machine learning models like decision trees and random forests provide fast and interpretable inference.",1
WINNER: FINAL WARNING: Unpaid taxes detected under your name. Pay immediately or face arrest warrant. $$$ CLICK NOW,0
null undefined NaN [object Object] rrxbkdzq #*@,0
URGENT ALERT: Miracle diet pill melts 30 pounds in 7 days without exercise! Order today before supply runs out!! !!!,0
zzzzzzxxxxccccvvvv11112222 !!! ???,0
FINAL WARNING: UNPAID TAXES DETECTED UNDER YOUR NAME. PAY IMMEDIATELY OR FACE ARREST WARRANT. CALL 1800-SPAM-NOW,0
sxpbhctg sxpbhctg 12345,0
Hello,1
Chapter: Software Requirements and Hardware Specifications,1
"In this study, comparing Classical Machine Learning",1
qztrkpzl qztrkpzl 12345,0
"Good afternoon everyone, hope you are having a productive day.",1
no way no way no way no way no way,0
Chapter: Algorithm Design and Time Complexity Analysis,1
FINAL WARNING: Unpaid taxes detected under your name. Pay immediately or face arrest warrant.,0
aaaaabbbbbcccccdddddeeeee !!! ???,0
"For this reason, supervised learning algorithms map input feature vectors to discrete target categories using labeled training data.",1
"Specifically, feature scaling ensures that numerical input dimensions have zero mean and unit variance before gradient descent.",1
"Work from home and earn $5,000 every day without any effort! Click here to join our secret system! ACT NOW #?%$",0
Good morning,1
We observed that recurrent neural networks and transformers effectively model sequential temporal dependencies in textual data.,1
DEPARTMENT OF COMPUTER SCIENCE AND ENGINEERING,1
Please consider that classical machine learning models like decision trees and random forests provide fast and interpretable inference.,1
URGENT NOTIFICATION: UNAUTHORIZED LOGIN ATTEMPT ON YOUR ACCOUNT. CLICK TO SECURE YOUR CREDENTIALS. CALL 1800-SPAM-NOW,0
Free adult dating site! Meet local singles near you tonight without payment! CLICK HERE NOW!! ACT NOW #*!$,0
"WINNER: Work from home and earn $5,000 every day without any effort! Click here to join our secret system! $$$ CLICK NOW",0
Section: Literature Survey and Related Works,1
